1,1,2023-09-10 13:12:18,fulfilled,2023-09-12 22:12:37
2,1,2024-03-22 22:12:28,pending,
3,2,2023-09-10 13:12:38,fulfilled,2023-09-12 22:12:47
4,2,2024-03-22 22:12:48,pending,
5,3,2023-09-10 13:12:58,fulfilled,2023-09-12 22:12:57
6,3,2024-03-22 22:12:18,pending,
7,4,2023-09-10 13:12:28,fulfilled,2023-09-12 22:12:17
8,5,2024-03-22 22:12:38,pending,
9,11,2024-03-01 19:38:55,pending,
10,9,2024-01-27 03:10:06,pending,
11,11,2024-02-28 16:23:59,pending,
12,9,2024-02-21 07:54:23,pending,
13,9,2024-02-13 07:12:21,pending,
14,10,2024-04-10 04:40:54,pending,
15,5,2024-02-11 16:53:54,pending,
16,3,2024-01-27 22:03:05,pending,
17,9,2024-03-27 22:14:19,pending,
18,6,2024-01-31 04:04:41,pending,
19,1,2024-02-21 06:14:26,pending,
20,6,2024-03-04 16:18:56,pending,
21,10,2024-03-04 22:23:29,pending,
22,4,2024-03-25 08:37:22,pending,
23,5,2024-02-07 20:03:29,pending,
24,10,2024-01-04 09:05:53,pending,
25,10,2024-03-23 06:20:36,pending,
26,2,2024-03-02 02:38:17,pending,
27,1,2024-01-26 14:54:07,pending,
28,3,2024-04-12 16:37:30,pending,
29,2,2024-04-03 20:55:09,pending,
30,4,2024-01-09 23:39:08,pending,
31,7,2024-03-26 16:20:09,pending,
32,8,2024-01-29 13:15:26,pending,
33,10,2024-04-07 10:28:49,pending,
34,6,2024-01-17 15:07:07,pending,
35,9,2024-02-16 04:05:27,pending,
36,7,2024-03-21 21:51:21,pending,
37,8,2024-03-04 12:52:41,pending,
38,8,2024-02-13 14:37:16,pending,
39,11,2024-01-05 01:35:32,pending,
40,4,2024-03-18 22:44:16,pending,
41,2,2024-02-12 13:37:27,pending,
42,3,2024-03-21 13:41:35,pending,
43,9,2024-04-07 16:05:27,pending,
44,2,2024-01-29 08:09:51,pending,
45,10,2024-01-10 18:29:45,pending,
46,3,2024-01-19 21:51:00,pending,
47,9,2024-01-01 18:52:41,pending,
48,3,2024-01-23 08:49:40,pending,
49,1,2024-01-09 00:43:56,pending,
50,3,2024-02-18 02:31:19,pending,
51,2,2024-02-12 04:31:00,pending,
52,5,2024-03-20 00:38:26,pending,
53,8,2024-03-20 06:59:41,pending,
54,1,2024-03-12 16:32:45,pending,
55,9,2024-01-18 02:33:47,pending,
56,5,2024-03-16 09:08:37,pending,
57,1,2024-04-09 04:47:10,pending,
58,5,2024-01-11 02:41:57,pending,
59,1,2024-01-10 10:34:27,pending,
60,4,2024-02-27 19:32:08,pending,
61,11,2024-02-02 23:07:55,pending,
62,1,2024-03-13 11:50:19,pending,
63,5,2024-02-25 06:03:04,pending,
64,2,2024-03-29 03:42:01,pending,
65,10,2024-03-23 17:16:56,pending,
66,3,2024-02-17 08:31:36,pending,
67,1,2024-01-24 19:40:16,pending,
68,6,2024-01-31 21:08:53,pending,
69,7,2024-04-10 06:01:15,pending,
70,7,2024-04-11 22:30:23,pending,
71,2,2024-01-01 00:06:30,pending,
72,1,2024-01-04 09:16:09,pending,
73,7,2024-01-30 20:25:26,pending,
74,3,2024-03-04 17:48:27,pending,
75,9,2024-01-10 21:29:53,pending,
76,1,2024-04-07 22:12:40,pending,
77,8,2024-02-19 14:54:51,pending,
78,2,2024-02-20 11:01:48,pending,
79,5,2024-03-23 15:11:03,pending,
80,1,2024-03-17 04:55:17,pending,
81,11,2024-02-25 07:26:44,pending,
82,8,2024-02-28 04:07:27,pending,
83,6,2024-03-02 15:53:06,pending,
84,7,2024-02-29 15:18:40,pending,
85,11,2024-01-04 07:46:26,pending,
86,7,2024-01-25 19:14:27,pending,
87,1,2024-01-07 07:47:36,pending,
88,3,2024-02-18 13:49:27,pending,
89,3,2024-01-24 05:42:47,pending,
90,10,2024-04-10 18:19:29,pending,
91,3,2024-02-07 00:13:02,pending,
92,8,2024-02-27 08:11:19,pending,
93,6,2024-02-27 05:18:54,pending,
94,7,2024-04-02 20:45:09,pending,
95,9,2024-03-22 05:52:08,pending,
96,3,2024-02-09 13:50:14,pending,
97,10,2024-01-01 20:45:02,pending,
98,3,2024-03-12 02:20:23,pending,
99,2,2024-02-29 17:05:46,pending,
100,3,2024-01-07 11:52:55,pending,
101,8,2024-03-25 11:51:49,pending,
102,6,2024-03-06 21:00:25,pending,
103,3,2024-01-26 01:42:30,pending,
104,4,2024-01-17 23:31:25,pending,
105,2,2024-01-12 11:36:54,pending,
106,5,2024-01-10 18:28:01,pending,
107,2,2024-01-13 23:04:40,pending,
108,8,2024-01-22 08:20:12,pending,
109,1,2024-01-10 02:33:16,pending,
110,1,2024-01-29 12:26:21,pending,
111,6,2024-02-29 05:44:25,pending,
112,11,2024-03-26 15:43:30,pending,
113,1,2024-02-07 00:31:31,pending,
114,9,2024-04-08 20:56:25,pending,
115,8,2024-01-03 09:25:12,pending,
116,3,2024-02-02 00:14:38,pending,
117,11,2024-03-25 23:21:54,pending,
118,4,2024-02-26 11:03:13,pending,
119,9,2024-02-05 04:19:41,pending,
120,8,2024-03-17 09:06:36,pending,
121,5,2024-01-21 10:26:53,pending,
122,2,2024-01-24 04:14:37,pending,
123,8,2024-01-29 03:26:12,pending,
124,7,2024-01-31 06:20:33,pending,
125,11,2024-01-07 13:41:27,pending,
126,4,2024-02-12 04:29:19,pending,
127,1,2024-02-20 10:40:13,pending,
128,4,2024-03-28 08:50:02,pending,
129,7,2024-02-13 05:04:20,pending,
130,4,2024-03-25 18:53:28,pending,
131,7,2024-02-28 17:49:26,pending,
132,7,2024-02-12 13:30:38,pending,
133,9,2024-03-22 10:56:03,pending,
134,1,2024-03-22 04:41:59,pending,
135,6,2024-02-08 22:50:03,pending,
136,1,2024-03-11 15:58:30,pending,
137,10,2024-02-17 01:32:27,pending,
138,10,2024-01-04 20:18:57,pending,
139,8,2024-01-14 06:41:19,pending,
140,11,2024-03-20 01:12:18,pending,
141,5,2024-02-09 00:15:47,pending,
142,3,2024-03-04 23:15:56,pending,
143,6,2024-01-22 03:53:08,pending,
144,11,2024-04-05 10:06:08,pending,
145,6,2024-02-29 10:49:18,pending,
146,4,2024-03-16 14:26:24,pending,
147,9,2024-02-24 01:21:50,pending,
148,6,2024-01-30 23:09:27,pending,
149,10,2024-01-25 06:51:17,pending,
150,11,2024-01-14 08:43:09,pending,
151,2,2024-01-09 04:35:39,pending,
152,5,2024-03-11 16:56:40,pending,
153,8,2024-03-31 18:32:23,pending,
154,6,2024-02-09 08:44:46,pending,
155,6,2024-01-12 18:58:22,pending,
156,5,2024-04-07 18:19:29,pending,
157,6,2024-03-29 22:58:38,pending,
158,9,2024-03-19 04:06:31,pending,
159,9,2024-02-19 04:39:24,pending,
160,9,2024-01-22 09:45:20,pending,
161,10,2024-02-03 18:04:15,pending,
162,4,2024-02-03 06:38:38,pending,
163,10,2024-03-19 14:05:20,pending,
164,4,2024-01-28 00:49:26,pending,
165,10,2024-01-16 16:14:58,pending,
166,4,2024-03-25 11:52:48,pending,
167,4,2024-03-25 08:26:22,pending,
168,9,2024-01-01 12:45:14,pending,
169,7,2024-02-09 17:47:16,pending,
170,8,2024-02-25 04:16:24,pending,
171,3,2024-01-03 13:51:25,pending,
172,9,2024-04-10 00:23:30,pending,
173,4,2024-01-19 22:01:19,pending,
174,6,2024-03-11 08:07:44,pending,
175,6,2024-03-12 00:56:02,pending,
176,9,2024-03-15 06:55:27,pending,
177,3,2024-03-01 16:40:20,pending,
178,11,2024-01-12 09:18:34,pending,
179,1,2024-04-07 19:01:12,pending,
180,10,2024-03-22 00:22:10,pending,
181,1,2024-03-21 12:16:22,pending,
182,5,2024-02-12 15:33:47,pending,
183,5,2024-03-05 21:02:27,pending,
184,5,2024-03-12 17:48:03,pending,
185,2,2024-03-01 16:26:05,pending,
186,5,2024-01-17 07:50:15,pending,
187,4,2024-03-07 12:20:05,pending,
188,10,2024-02-23 05:54:52,pending,
189,10,2024-02-24 16:43:42,pending,
190,2,2024-03-21 02:53:43,pending,
191,9,2024-03-17 22:07:44,pending,
192,3,2024-01-21 07:16:46,pending,
193,3,2024-02-22 06:05:26,pending,
194,7,2024-01-26 02:57:53,pending,
195,4,2024-01-27 21:08:35,pending,
196,4,2024-01-10 04:13:40,pending,
197,11,2024-02-16 09:46:40,pending,
198,5,2024-03-05 17:55:15,pending,
199,10,2024-01-23 15:48:01,pending,
